{"France":{"salt_100g":26490.739434312025,"sugars_100g":298637.8313000018},"United Kingdom":{"salt_100g":829.2932869999953,"sugars_100g":18611.983999999982},"Spain":{"salt_100g":1840.8964807639886,"sugars_100g":16251.259999999971},"United States":{"salt_100g":1681.9788339999984,"sugars_100g":17736.409000000007},"Germany":{"salt_100g":2093.4433369999897,"sugars_100g":21478.497999999956},"Australia":{"salt_100g":446.06571699999984,"sugars_100g":5740.980300000005},"Canada":{"salt_100g":28.848923999999997,"sugars_100g":748.0200000000001},"Netherlands":{"salt_100g":142.64134,"sugars_100g":1737.5300000000004},"South Africa":{"salt_100g":4.80176,"sugars_100g":100.61999999999999}}