{"North Europe":{"fat_100g":15.361326889279455,"carbohydrates_100g":29.520649122806994,"proteins_100g":7.530599130434788},"Central Europe":{"fat_100g":14.053279366360284,"carbohydrates_100g":28.689887726074517,"proteins_100g":8.080475165550839},"South Europe":{"fat_100g":13.64051066504462,"carbohydrates_100g":27.784902037617556,"proteins_100g":6.326304451510337}}