{"France":{"salt_100g":1.2015575558720926,"sugars_100g":13.361273826674504},"United Kingdom":{"salt_100g":0.9014057467391253,"sugars_100g":18.556315054835476},"Spain":{"salt_100g":1.2617522143687379,"sugars_100g":10.733989431968277},"United States":{"salt_100g":1.6938356837865038,"sugars_100g":19.928549438202253},"Germany":{"salt_100g":1.2307133080540797,"sugars_100g":12.58997538100818},"Australia":{"salt_100g":1.1646624464751953,"sugars_100g":15.309280800000012},"Canada":{"salt_100g":0.7212230999999999,"sugars_100g":17.810000000000002},"Netherlands":{"salt_100g":1.9811297222222224,"sugars_100g":22.276025641025647},"South Africa":{"salt_100g":0.43652363636363634,"sugars_100g":10.062}}