{"France":{"salt_100g":12.602761991993258,"sugars_100g":1.1027976617222168},"United Kingdom":{"salt_100g":16.90350958466451,"sugars_100g":0.7957720491311177},"Spain":{"salt_100g":10.278057921635428,"sugars_100g":1.0879325169449843},"United States":{"salt_100g":15.807415450643779,"sugars_100g":1.5660905247971133},"Germany":{"salt_100g":13.385153162571852,"sugars_100g":1.105127031320364},"Australia":{"salt_100g":16.07234792176041,"sugars_100g":1.2705332771084337},"Canada":{"salt_100g":18.622758620689652,"sugars_100g":1.1322237966101694},"Netherlands":{"salt_100g":24.326836734693874,"sugars_100g":2.0970965714285716},"South Africa":{"salt_100g":8.385,"sugars_100g":0.36936615384615384}}