{"North Europe":{"fat_100g":17481.19000000002,"carbohydrates_100g":33653.53999999997,"proteins_100g":8660.189000000006},"Central Europe":{"fat_100g":379410.43633299496,"carbohydrates_100g":794738.5798999902,"proteins_100g":220863.6277000011},"South Europe":{"fat_100g":33637.49930000003,"carbohydrates_100g":70907.07,"proteins_100g":15916.982000000007}}