{"North Europe":{"fat_100g":14.315642904290442,"carbohydrates_100g":28.460266844562994,"proteins_100g":7.149060362173043},"Central Europe":{"fat_100g":13.04894753459614,"carbohydrates_100g":27.953954146679983,"proteins_100g":7.594162082240919},"South Europe":{"fat_100g":13.084852536360396,"carbohydrates_100g":27.231592198581563,"proteins_100g":6.0979650623885835}}